Product URL,Country,Top 10 Keywords,Bottom 10 Keywords,Personas,Priority,Notes
Cabine Island SOLO,FR; UK; ES; CH; BENELUX,"Mots-clés phares : 
1. cabine acoustique; 
2. cabine insonorisée; 
3. cabine acoustique 1 personne; 
4. bulle insonorisée; 
5. cabine visio; 
6. phone box bureau; 
7. bulle de travail; 
8. cabine téléphonique bureau; 
9. bureau cabine; 
10. cabine de travail","Mots clés à éviter : 
1. Cabine insonorisée musique 
2. Cabine enregistrement musique 
3.  Boite insonorisée
4. Cabine chant
5. Cabine enregistrement podcast
6. Pièce insonorisée 
7. Cabine sieste open space
8. Cabine de douche
9. Cabine hammam
10. Panneaux acoustiques open space","Typologie entreprise : 
- Entreprises secteur B2B
- Start up en croissance avec des petits bureaux 
- Entreprises avec forte hausse d'embauches
- Grandes entreprises qui repensent leurs espaces de travail

Interlocuteurs : 
- Office Manager 
- CEO / VP / DG
- Architectes d'intérieur 
- Agenceurs de bureaux / open space",1,"Cabine adaptée pour les appels rapides, et les visio-conférences. 

Le but de cette cabine est d'y passer une vingtaine de minutes pour réaliser un appel au calme sans être interrompu ou distrait et sans déranger les autres. "
Cabine Island DESK,FR; UK; ES; CH; BENELUX,"Mots-clés phares : 
1. cabine acoustique; 
2. cabine insonorisée; 
3. cabine acoustique 1 personne; 
4. bulle insonorisée; 
5. cabine de travail; 
6. phone box bureau; 
7. bulle de travail; 
8. cabine concentration; 
9. bureau cabine; 
10. cabine de travail","Mots clés à éviter : 
1. Cabine insonorisée musique 
2. Cabine enregistrement musique 
3.  Boite insonorisée
4. Cabine chant
5. Cabine enregistrement podcast
6. Pièce insonorisée 
7. Cabine sieste open space
8. Cabine de douche
9. Cabine hammam
10. Panneaux acoustiques open space","Typologie entreprise : 
- Entreprises secteur B2B
- Start up en croissance avec des petits bureaux 
- Entreprises avec forte hausse d'embauches
- Grandes entreprises qui repensent leurs espaces de travail

Interlocuteurs : 
- Office Manager 
- CEO / VP / DG
- Architectes d'intérieur 
- Agenceurs de bureaux / open space",1,"Cabine pour les sessions de travail plus longues. 

Que ce soit une visio, ou une séance de travail, cette cabine apporte à la fois l'isolation acoustique mais aussi le confort nécessaire à un temps de travail plus long. "
Cabine Island DUO,FR; UK; ES; CH; BENELUX,"Mots-clés phares : 
1. cabine acoustique; 
2. cabine insonorisée; 
3. cabine acoustique 2 personnes; 
4. bulle insonorisée; 
5. mini salle de réunion; 
6. cabine de réunion; 
7. bulle de travail; 
8. cabine de réunion insonorisées; 
9. bureau cabine; 
10. cabine de réunion acoustique","Mots clés à éviter : 
1. Cabine insonorisée musique 
2. Cabine enregistrement musique 
3.  Boite insonorisée
4. Cabine chant
5. Cabine enregistrement podcast
6. Pièce insonorisée 
7. Cabine sieste open space
8. Cabine de douche
9. Cabine hammam
10. Panneaux acoustiques open space","Typologie entreprise : 
- Entreprises secteur B2B
- Start up en croissance avec des petits bureaux 
- Entreprises avec forte hausse d'embauches
- Grandes entreprises qui repensent leurs espaces de travail

Interlocuteurs : 
- Office Manager 
- CEO / VP / DG
- Architectes d'intérieur 
- Agenceurs de bureaux / open space",1,"Cabine adaptée pour les 1:1 et réunions à deux personnes, l'isolation acoustique la rend idéale pour les réunions confidentielles

On gagne une salle de réunion supplémentaire, sans travaux à réaliser. 

Grâce à l'island DUO, on optimise au mieux les m2 et sans avoir une salle de réunion monopolisée par une ou deux personnes. "
Cabine Island QUATTRO,FR; UK; ES; CH; BENELUX,"Mots-clés phares : 
1. cabine acoustique; 
2. cabine insonorisée; 
3. cabine acoustique 4 personnes; 
4. bulle insonorisée; 
5. mini salle de réunion; 
6. cabine de réunion; 
7. bulle de travail; 
8. cabine de réunion insonorisées; 
9. bureau cabine; 
10. cabine de réunion acoustique","Mots clés à éviter : 
1. Cabine insonorisée musique 
2. Cabine enregistrement musique 
3.  Boite insonorisée
4. Cabine chant
5. Cabine enregistrement podcast
6. Pièce insonorisée 
7. Cabine sieste open space
8. Cabine de douche
9. Cabine hammam
10. Panneaux acoustiques open space","Typologie entreprise : 
- Entreprises secteur B2B
- Start up en croissance avec des petits bureaux 
- Entreprises avec forte hausse d'embauches
- Grandes entreprises qui repensent leurs espaces de travail

Interlocuteurs : 
- Office Manager 
- CEO / VP / DG
- Architectes d'intérieur 
- Agenceurs de bureaux / open space",1,"Cabine adaptée pour les réunions jusqu'à 4 personnes. 

On gagne une salle de réunion supplémentaire, sans travaux à réaliser. 

L'élément auquel on répond ici, c'est l'ajout d'une vraie salle de réunion sans aucun travaux, sur un nombre de m2 réduit. Tout en assurant la confidentialité des réunions
"
Top of the funnel,," 1.⁠ ⁠My office is noisy
 2.⁠ ⁠Office noise
 3.⁠ ⁠Noisy coworkers
 4.⁠ ⁠Distractions at work
 5.⁠ ⁠Lack of privacy in office
 6.⁠ ⁠Noisy open-plan office
 7.⁠ ⁠Focus issues in the office
 8.⁠ ⁠Noise pollution in the workplace",,,,
,,,,,,
,,,,,,
add comparatif ,,,,,,
those keywords focus on specific / bottom of the funnel intent - widen up to top if required,,,,,,