url,prompt,country,response,brand_mentioned,visibule,branded
https://chatgpt.com/,How have phone booths evolved over the years to remain relevant and useful in today's work environment?,France,"Phone booths have undergone significant evolution over the years to adapt to changes in technology, work environments, and communication needs. Here are several ways in which they have remained relevant and useful in today's work environment:

1. **Design Adaptations**: Modern phone booths have shifted from the traditional enclosed structures to more flexible designs. Many contemporary booths are soundproof or semi-enclosed, providing privacy for phone calls or video conferencing without the need for a full office. This is particularly useful in open-plan offices where noise levels can be disruptive.

2. **Technology Integration**: Today's phone booths are equipped with advanced technology, including high-speed internet, charging ports, and built-in audio-visual equipment for video calls. This integration allows users to conduct professional calls and meetings more effectively.

3. **Comfort and Aesthetics**: Modern booths often prioritize user comfort with ergonomic seating and improved lighting. They're designed to fit seamlessly into contemporary office aesthetics, often featuring sleek designs and customizable colors that can enhance the workplace environment.

4. **Collaboration Spaces**: Many phone booths have evolved into multi-functional spaces that can be used not just for phone calls but also for brainstorming sessions, small meetings, or quiet work. This versatility makes them valuable in collaborative work settings.

5. **Health and Safety**: In the wake of the COVID-19 pandemic, many companies have looked for ways to create safer work environments. Enclosed phone booths can provide a more controlled space for conversations, reducing the risk of airborne transmission compared to open areas.

6. **Work-Life Balance**: As remote and hybrid work models become more common, phone booths can serve as a designated space for employees to make personal calls or conduct private conversations, helping to delineate work from home life, even within an office setting.

7. **Telecommuting Solutions**: With the rise of remote work, some companies have implemented phone booths in co-working spaces or as part of home office solutions. This allows remote workers to have a dedicated space for calls, enhancing productivity and focus.

8. **Data Privacy**: With increasing concerns about data security, some modern booths are equipped with features that ensure conversations remain private and secure, an important consideration for sensitive business discussions.

9. **Sustainability**: Many new designs focus on sustainability, using eco-friendly materials and energy-efficient technologies, making them appealing to environmentally conscious organizations.

By adapting to technological advancements and changing workplace dynamics, phone booths have transformed into modern, multifunctional spaces that cater to the needs of today’s workforce while promoting productivity and privacy in various work environments.",False,False,False
https://chatgpt.com/,What role does acoustic performance play in modern office redesign?,France,"Acoustic performance plays a crucial role in modern office redesign for several reasons, reflecting the evolving needs of workplaces and the emphasis on employee well-being, productivity, and collaboration. Here are some key aspects of its importance:

1. **Enhanced Focus and Productivity**: Open office layouts can lead to increased noise levels, which can be distracting and hinder concentration. Effective acoustic design helps mitigate unwanted noise, allowing employees to focus better and be more productive.

2. **Collaboration and Communication**: While open spaces encourage collaboration, they can also create challenges with noise. Acoustic solutions can balance the need for open communication with the need for quiet spaces, supporting both teamwork and individual work.

3. **Employee Well-Being**: Poor acoustic conditions can contribute to stress and decreased job satisfaction. By improving the acoustic environment, companies can enhance employee comfort and mental health, leading to higher retention rates and overall satisfaction.

4. **Design Aesthetics**: Modern office designs increasingly incorporate materials and layouts that enhance acoustics while maintaining aesthetic appeal. This includes the use of sound-absorbing materials, strategic furniture placement, and creating quiet zones or phone booths for private conversations.

5. **Flexibility in Layouts**: As work patterns evolve, offices are often designed to be flexible. Acoustic design can support this flexibility by offering solutions that can be easily adjusted or reconfigured, ensuring that different areas can serve multiple purposes without compromising acoustic quality.

6. **Technology Integration**: With the rise of hybrid work models and the use of technology in the workplace, acoustic performance must accommodate virtual meetings and calls. This involves designing spaces that minimize background noise and echo, ensuring clear communication.

7. **Regulatory Compliance**: In some regions, there are regulations regarding workplace noise levels. Effective acoustic design can help organizations comply with these regulations, avoiding potential fines and promoting a healthier work environment.

8. **Brand Image and Culture**: A well-designed acoustic environment can reflect a company's commitment to employee welfare and innovation. This can enhance the company's brand image and attract talent who value a supportive and modern workplace.

In summary, integrating acoustic performance into modern office redesign is essential for creating productive, comfortable, and flexible work environments that support the diverse needs of today’s workforce.",False,False,False
https://chatgpt.com/,What design strategies help reduce disruptive noise in the office environment?,France,"Reducing disruptive noise in an office environment can significantly enhance productivity and employee well-being. Here are several design strategies that can help achieve a quieter workspace:

1. **Zoning and Layout**:
   - **Create Quiet Zones**: Designate specific areas as quiet zones for focused work, away from high-traffic areas.
   - **Buffer Spaces**: Use buffer zones (e.g., lounges, break rooms) between noisy areas (like collaborative spaces) and quiet work areas to absorb sound.
   - **Flexible Workspaces**: Incorporate a mix of open and private spaces to cater to different working styles and noise preferences.

2. **Acoustic Materials**:
   - **Sound-Absorbing Panels**: Install acoustic panels on walls and ceilings to absorb sound and reduce echo.
   - **Carpet and Soft Furnishings**: Use carpets, rugs, and upholstered furniture that can help dampen sound.
   - **Acoustic Ceiling Tiles**: Choose ceiling tiles designed to reduce noise transmission between floors.

3. **Furniture Design**:
   - **Low-Height Partitions**: Use low partitions between desks to maintain an open feel while still providing some sound barrier.
   - **Privacy Booths**: Include phone booths or small meeting rooms for private conversations, reducing noise in open areas.

4. **Landscaping and Natural Elements**:
   - **Indoor Plants**: Incorporate greenery, as plants can help absorb sound and create a calming atmosphere.
   - **Water Features**: Consider adding water features that can mask background noise with soothing sounds.

5. **Technology Integration**:
   - **Sound Masking Systems**: Implement sound masking technology that emits background noise to obscure disruptive sounds.
   - **Noise-Canceling Devices**: Provide employees with noise-canceling headphones to help them concentrate in noisy environments.

6. **Lighting and Color Schemes**:
   - **Soft Lighting**: Use softer lighting to create a calm atmosphere, which can indirectly help reduce the perception of noise.
   - **Color Choices**: Opt for color palettes that promote relaxation, as bright colors can sometimes heighten stress and make noise feel more disruptive.

7. **Employee Input and Flexibility**:
   - **Surveys and Feedback**: Regularly solicit feedback from employees on noise levels and preferences for space usage.
   - **Flexible Work Options**: Encourage remote work or flexible hours to minimize peak noise times in the office.

8. **Behavioral Policies**:
   - **Noise Etiquette Guidelines**: Establish guidelines on acceptable noise levels and behaviors in shared spaces.
   - **Training**: Provide training on how to use the office layout and resources effectively to minimize noise disruption.

By implementing these design strategies, organizations can create a more conducive work environment that minimizes disruptive noise, ultimately leading to increased productivity and employee satisfaction.",False,False,False
https://chatgpt.com/,How can a well-designed office space balance collaboration and individual focus?,France,"Designing an office space that balances collaboration and individual focus is essential for fostering productivity and employee satisfaction. Here are several strategies to achieve this balance:

1. **Zoning**: Create distinct areas for different types of work. Collaborative spaces can include open areas with comfortable seating, whiteboards, and technology for brainstorming sessions, while quiet zones or individual workstations can be designed for focused tasks.

2. **Flexible Layouts**: Use modular furniture that can be easily rearranged to accommodate both group work and solo tasks. This allows employees to adapt the space according to their needs, promoting both collaboration and focus.

3. **Acoustic Solutions**: Implement sound-absorbing materials (like carpets, ceiling panels, and acoustic partitions) in collaborative spaces to minimize noise distractions. This helps maintain a conducive environment for focused work nearby.

4. **Private Spaces**: Include small meeting rooms and phone booths that employees can use for private conversations or focused work. These spaces should be easily accessible but insulated from the noise of collaborative areas.

5. **Technology Integration**: Equip collaborative spaces with technology that facilitates remote collaboration (like video conferencing tools) and provide individual workstations with the necessary technology to minimize interruptions.

6. **Natural Light and Ventilation**: Maximize natural light and fresh air in both collaborative and individual spaces. Well-lit environments can enhance mood and productivity, while proper ventilation contributes to overall comfort.

7. **Adaptable Environments**: Incorporate elements like movable partitions or sliding doors to allow for temporary reconfiguration of spaces based on the immediate needs of teams or projects.

8. **Defined Pathways**: Design clear pathways that guide movement through the office, separating high-traffic collaborative areas from quieter zones to reduce distractions.

9. **Incorporate Breakout Areas**: Designate casual breakout spaces where employees can take informal meetings or relax, encouraging spontaneous collaboration without disrupting focused work.

10. **Encourage Personalization**: Allow employees to personalize their workspaces (within guidelines) to create a sense of ownership and comfort, which can enhance focus and well-being.

11. **Feedback and Iteration**: Continuously gather feedback from employees about the effectiveness of the space and be willing to make adjustments. This can help in fine-tuning the balance between collaboration and focus over time.

By thoughtfully integrating these elements, an office can create an environment that supports both collaborative efforts and individual concentration, ultimately enhancing overall productivity and employee satisfaction.",False,False,False
https://chatgpt.com/,How can office design improve focus and reduce noise in shared workspaces?,France,"Office design plays a crucial role in improving focus and reducing noise in shared workspaces. Here are several strategies that can be implemented:

### 1. **Zoning and Layout:**
   - **Quiet Zones:** Designate specific areas for focused work, equipped with soundproofing features. This could include private booths or enclosed spaces.
   - **Collaborative Areas:** Create separate zones for team collaboration that are intentionally designed for group activities, keeping them away from quiet work areas.

### 2. **Acoustic Treatment:**
   - **Sound Absorption Materials:** Use carpets, curtains, and upholstered furniture to absorb sound. Acoustic panels on walls or ceilings can significantly reduce noise levels.
   - **Partitions:** Install acoustic partitions or screens between workstations to block sound and create a sense of privacy.

### 3. **Furniture Selection:**
   - **Ergonomic Furniture:** Invest in ergonomic chairs and desks that promote comfort, encouraging longer periods of focused work.
   - **Mobile Furniture:** Use flexible furniture that can be easily rearranged for different types of work or collaboration, allowing for personalized space configurations.

### 4. **Technology Integration:**
   - **Noise-Canceling Devices:** Provide employees with noise-canceling headphones or sound-masking systems that emit white noise to drown out distracting sounds.
   - **Smart Technology:** Utilize smart technology that can adjust lighting and sound levels based on occupancy and activity in the workspace.

### 5. **Natural Elements:**
   - **Biophilic Design:** Incorporate plants and natural materials to create a calming environment. This not only improves air quality but can also reduce stress and distractions.
   - **Natural Light:** Maximize natural light through windows and skylights, which can enhance mood and productivity.

### 6. **Visual Privacy:**
   - **Frosted Glass Partitions:** Use frosted glass for conference rooms to provide visual privacy while maintaining an open feel.
   - **Artwork and Decor:** Incorporate artwork or decorative elements that can serve as visual barriers without isolating employees.

### 7. **Flexible Work Policies:**
   - **Remote Work Options:** Encourage flexible work arrangements, allowing employees to work from home when they need deep focus.
   - **Scheduling:** Implement policies that encourage teams to schedule collaborative work during specific hours to minimize noise during peak focus times.

### 8. **Community Guidelines:**
   - **Noise Etiquette:** Establish clear guidelines for acceptable noise levels and behaviors in shared spaces, fostering a culture of respect for others’ focus needs.
   - **Feedback Mechanisms:** Create channels for employees to provide feedback on noise issues and workspace design, ensuring continuous improvement.

### 9. **Personalization:**
   - **Personal Space:** Allow employees to personalize their workstations with items that make them comfortable, which can enhance their sense of ownership and focus.
   - **Sound Control:** Encourage employees to use personal sound solutions, such as apps or ambient noise generators, to tailor their acoustic environment.

By thoughtfully considering these design elements, organizations can create shared workspaces that support focus, enhance productivity, and minimize distractions.",False,False,False
https://chatgpt.com/,"What exactly are ""mute phone booths"" ""acoustic pods"" and ""soundproof booths"" and how do they work to create a quiet space for work?",France,"""Mute phone booths,"" ""acoustic pods,"" and ""soundproof booths"" are specialized structures designed to create quiet environments for work, communication, or focused tasks in settings where noise can be a distraction, such as open offices, coworking spaces, or public areas. Here’s a breakdown of each term and how they function:

### Mute Phone Booths
Mute phone booths are compact, enclosed spaces designed for private phone calls or video conferences. They are typically sound-isolated to minimize external noise infiltration and prevent sound leakage from the booth itself. 

**How They Work:**
- **Sound Isolation Materials:** Mute phone booths use materials like acoustic foam, sound-absorbing panels, and heavy-duty insulation to reduce sound transmission.
- **Sealing Design:** The booths often have airtight seals to prevent sound from escaping or entering, further enhancing privacy.
- **Ventilation:** Many booths are equipped with ventilation systems to ensure airflow without compromising sound isolation.

### Acoustic Pods
Acoustic pods are similar to mute phone booths but often larger and designed for multiple people. They can be used for meetings, brainstorming sessions, or focused work.

**How They Work:**
- **Acoustic Treatment:** Like phone booths, acoustic pods utilize specialized materials to absorb sound and reduce echoes. This includes wall panels, ceiling treatments, and flooring designed to dampen noise.
- **Modular Design:** Many acoustic pods are modular, allowing for flexibility in size and configuration to suit different needs. They can be arranged for collaborative spaces or individual work areas.
- **Integrated Technology:** Acoustic pods may come equipped with technology for video conferencing, power outlets, and lighting tailored for productivity.

### Soundproof Booths
Soundproof booths are built for maximum sound isolation and are often used in recording studios, testing environments, or professional settings where absolute quiet is required.

**How They Work:**
- **High-Performance Soundproofing:** These booths are constructed with dense materials that block sound waves effectively. This includes heavy walls, double-layered structures, and specialized soundproof doors.
- **Vibration Isolation:** Some soundproof booths incorporate features to dampen vibrations, which can also contribute to unwanted noise.
- **Controlled Environment:** Many soundproof booths are designed to control temperature and humidity, making them suitable for extended use without discomfort.

### Overall Functionality
All these types of spaces aim to create a conducive environment for focused work or private conversations by:
- **Reducing Ambient Noise:** They mitigate distractions from surrounding noise, which can enhance concentration and productivity.
- **Providing Privacy:** They allow individuals to communicate without fear of being overheard, which is crucial for confidentiality in many professional contexts.

By incorporating sound-absorbing materials and thoughtful design, these booths create effective sanctuaries in otherwise noisy environments, catering to the growing need for quiet and privacy in modern workspaces.",False,False,False
https://chatgpt.com/,What are the advantages of incorporating acoustic booths in an office to boost focus and ensure privacy?,France,"Incorporating acoustic booths in an office can offer several advantages that enhance focus and ensure privacy for employees. Here are some key benefits:

1. **Noise Reduction**: Acoustic booths are designed to minimize external noise, creating a quieter environment that helps employees concentrate better on their tasks without distractions from surrounding conversations or office activities.

2. **Enhanced Privacy**: These booths provide a private space for phone calls, video conferences, or sensitive discussions, enabling employees to communicate without worrying about being overheard.

3. **Improved Focus**: By offering a designated area for focused work or meetings, acoustic booths help employees manage their time and workload more effectively, leading to increased productivity.

4. **Flexible Workspaces**: Acoustic booths can be positioned throughout the office to provide flexible working options, allowing employees to choose where they feel most comfortable and productive.

5. **Collaboration Opportunities**: While primarily for privacy and focus, booths can also serve as informal meeting spots, promoting collaboration in a more relaxed setting while still maintaining some sound insulation.

6. **Reduced Stress**: A quieter and more private workspace can help reduce employee stress levels, as they are less likely to be interrupted or distracted, leading to a more conducive environment for mental well-being.

7. **Aesthetics and Modern Design**: Acoustic booths come in various designs and can enhance the aesthetic appeal of the office, contributing to a more modern and professional atmosphere.

8. **Encouragement of Remote Work**: For companies that embrace hybrid work models, acoustic booths can provide a solution for employees who may come into the office part-time and need a space to work effectively.

9. **Increased Employee Satisfaction**: Providing options for focus and privacy can lead to higher job satisfaction, as employees feel their needs for concentration and confidentiality are respected.

10. **Adaptability for Various Use Cases**: Acoustic booths can be used for a variety of purposes, including individual work, small meetings, or even as a quiet place for brainstorming, making them versatile additions to the office layout.

By integrating acoustic booths, organizations can create a more conducive work environment that supports both individual productivity and collaborative efforts, ultimately leading to better overall performance.",False,False,False
https://chatgpt.com/,How do acoustic pods contribute to employee well-being and overall productivity?,France,"Acoustic pods, also known as soundproof pods or privacy booths, are increasingly being integrated into modern office designs to enhance employee well-being and productivity. Here are several ways in which they contribute to these outcomes:

### 1. **Noise Reduction**
   - **Minimized Distractions:** Acoustic pods provide a quiet environment that helps reduce background noise, allowing employees to focus better on their tasks.
   - **Personalized Sound Environment:** Employees can choose to work in silence or use personal audio devices without disturbing others.

### 2. **Enhanced Privacy**
   - **Confidential Conversations:** Pods offer a private space for sensitive discussions, such as meetings, phone calls, or video conferences, fostering trust and security.
   - **Reduced Eavesdropping:** Employees can communicate freely without the worry of being overheard, which can enhance collaboration and openness.

### 3. **Flexibility and Versatility**
   - **Adaptable Workspaces:** Acoustic pods can serve multiple purposes, including as meeting spaces, quiet zones, or spots for focused work, catering to diverse work styles and needs.
   - **Encouraging Movement:** Employees have the option to change their work environment, which can promote physical movement and reduce the monotony of traditional desks.

### 4. **Improved Mental Well-being**
   - **Stress Reduction:** A quieter environment can lower stress levels, allowing employees to recharge mentally and emotionally.
   - **Mindfulness Opportunities:** Pods can be used for short breaks, meditation, or relaxation, contributing to overall mental health.

### 5. **Boosted Collaboration**
   - **Team Collaboration:** Pods can facilitate small group discussions or brainstorming sessions in a more intimate setting, promoting creativity and teamwork.
   - **Innovation-Friendly:** A distraction-free environment encourages innovative thinking and idea generation among team members.

### 6. **Support for Remote Work**
   - **Hybrid Work Adaptation:** With the rise of hybrid working models, acoustic pods provide a solution for companies that want to accommodate remote workers who come into the office for collaborative work or meetings.

### 7. **Ergonomic Benefits**
   - **Comfortable Design:** Many acoustic pods are designed with ergonomic considerations, providing a comfortable space for employees to work, which can reduce physical strain and discomfort.

### 8. **Positive Workplace Culture**
   - **Employee Satisfaction:** Providing spaces that prioritize employee comfort and well-being can contribute to a positive workplace culture, enhancing job satisfaction and retention.
   - **Encouragement of Work-Life Balance:** By creating designated spaces for focused work or relaxation, companies can help employees maintain a better work-life balance.

### Conclusion
Incorporating acoustic pods into office environments can significantly impact employee well-being and productivity by creating spaces that enhance focus, privacy, and collaboration. As organizations increasingly recognize the importance of a supportive work environment, acoustic pods can play a critical role in fostering a culture of well-being and engagement.",False,False,False
https://chatgpt.com/,What modern safety features are integrated into acoustic booths to comply with building codes and keep users safe?,France,"Modern acoustic booths are designed with various safety features to comply with building codes and ensure user safety. Some of these features include:

1. **Fire-Retardant Materials**: Acoustic booths are often constructed using materials that are fire-resistant or treated with fire-retardant chemicals to prevent combustion and slow the spread of fire.

2. **Ventilation Systems**: Proper ventilation is crucial to prevent the buildup of carbon dioxide and maintain air quality. Many booths are equipped with ventilation systems that ensure a continuous flow of fresh air.

3. **Soundproofing Materials**: While primarily aimed at noise reduction, soundproofing materials can also provide structural integrity and enhance safety by dampening vibrations and reducing the likelihood of structural failure during extreme conditions.

4. **Emergency Exits**: Compliance with building codes often requires that booths have clearly marked emergency exits that are easily accessible. This is particularly important in larger or more complex setups.

5. **Structural Stability**: Acoustic booths are designed with structural integrity in mind to withstand various forces, including wind loads and seismic activity. This includes using robust framing and anchoring systems.

6. **Electrical Safety**: Any electrical components, such as lighting or outlets within the booth, must comply with electrical codes to prevent hazards such as short circuits or electrical fires. This includes the use of GFCI outlets in areas where water exposure is possible.

7. **Acoustic Sealant**: The use of non-toxic, low-VOC (volatile organic compounds) acoustic sealants helps to create airtight seals and minimizes the risk of air leaks, which can improve safety and comfort.

8. **Non-Slip Flooring**: To prevent slips and falls, many acoustic booths feature non-slip flooring materials, which are particularly important in high-traffic areas.

9. **Lighting Compliance**: Adequate lighting is necessary for visibility, and booths must comply with regulations regarding light levels and fixture placement to minimize shadows and avoid accidents.

10. **User Instructions and Signage**: Clear instructions for safe use are often posted inside and outside the booth to guide users on emergency procedures and proper operation.

11. **Accessibility Features**: Compliance with accessibility standards, such as the ADA (Americans with Disabilities Act), ensures that booths can be used safely by individuals with disabilities.

12. **Acoustic Panels with Safety Ratings**: Some acoustic panels are designed to meet specific safety ratings, ensuring they do not release harmful substances or pose a hazard in case of fire.

By integrating these modern safety features, acoustic booths not only meet regulatory requirements but also provide a safer and more comfortable environment for users.",False,False,False
https://chatgpt.com/,Can acoustic pods be integrated seamlessly with existing office furniture and technology systems?,France,"Yes, acoustic pods can be integrated seamlessly with existing office furniture and technology systems. Here are a few ways this integration can be achieved:

1. **Design Compatibility**: Many manufacturers offer acoustic pods in various styles, colors, and finishes that can match or complement existing office furniture. This ensures a cohesive look within the workspace.

2. **Modular Systems**: Acoustic pods are often designed as modular units that can be easily placed alongside or between existing furniture. This flexibility allows them to fit into various layouts without disrupting the overall design.

3. **Technology Integration**: Most modern acoustic pods are equipped with power outlets, USB ports, and built-in technology such as screens, speakers, and video conferencing capabilities. This allows them to connect seamlessly with existing office technology systems.

4. **Soundproofing Features**: Acoustic pods can enhance privacy without requiring significant changes to the existing office layout. They provide soundproofing that can improve the overall acoustics of the office environment.

5. **Collaboration Tools**: Many pods are designed to facilitate collaboration, featuring whiteboards, collaboration tools, and seating arrangements that encourage teamwork while blending with existing office setups.

6. **Flexible Placement**: Acoustic pods can be placed in various locations, such as near open workspaces, conference rooms, or common areas, making it easy to integrate them into the flow of the office.

7. **Custom Solutions**: Some companies offer custom solutions tailored to specific office needs, ensuring that the pods meet both functional and aesthetic requirements.

By considering these factors, businesses can successfully integrate acoustic pods into their existing office environments, enhancing both functionality and employee comfort.",False,False,False
https://chatgpt.com/,How does an acoustic pod work?,France,"An acoustic pod is a soundproof or sound-controlled space designed to provide a quiet environment for various activities, such as phone calls, video conferencing, or focused work. These pods can be found in offices, co-working spaces, and other environments where noise reduction is important. Here's how they typically work:

### Design and Materials
1. **Soundproofing Materials**: Acoustic pods are constructed using materials that absorb sound waves, such as acoustic foam, mass-loaded vinyl, and specialized drywall. These materials help minimize sound transmission from the outside and reduce echo within the pod.

2. **Sealing**: The pods are usually designed with tight seals around doors and windows to prevent sound leakage. This ensures that external noise doesn’t enter the pod and that conversations inside remain private.

3. **Shape and Structure**: Many acoustic pods have a specific shape (e.g., a dome or a rectangular box) that helps direct sound waves and minimize reflections, further enhancing the soundproofing effect.

### Noise Reduction Features
1. **Absorption**: The interior surfaces of the pod are often lined with sound-absorbing materials that reduce reverberation and echo, creating a more acoustically pleasant environment.

2. **Isolation**: The design of the pod helps isolate the noise from external sources, making it an ideal space for concentration or private conversations.

3. **Ventilation and Lighting**: Acoustic pods often include integrated ventilation systems to ensure airflow while maintaining sound isolation. They may also have built-in lighting that creates a comfortable working atmosphere.

### Usage
1. **Functionality**: Users can enter the pod to make phone calls, participate in video conferences, or work on tasks that require concentration without the distractions of an open office environment.

2. **Mobility and Flexibility**: Many acoustic pods are modular and can be easily moved or reconfigured to meet the changing needs of a workspace.

### Conclusion
In summary, acoustic pods work by using soundproofing materials, effective sealing, and thoughtful design to create a quiet, focused environment for various activities. They serve as a practical solution in modern workspaces where noise control and privacy are essential.",False,False,False
https://chatgpt.com/,How long does it take to install an acoustic pod in an office?,France,"The installation time for an acoustic pod in an office can vary depending on several factors, including the type of pod, the complexity of the installation, and the specific site conditions. Generally, the installation process can take anywhere from a few hours to a full day. 

1. **Pre-fabricated Pods:** For pre-fabricated acoustic pods that are designed for quick assembly, installation might take only a few hours. These pods often come with clear instructions and require minimal tools.

2. **Custom-built Pods:** If the pod is custom-built or has more complex features (like integrated technology, lighting, or HVAC), the installation could take longer, possibly a full day or more.

3. **Site Preparation:** Additional time may be needed for site preparation, such as ensuring the floor is level, clearing the area, or making electrical or data connections.

4. **Testing and Adjustments:** After installation, there may be further time needed for testing the acoustics and making any necessary adjustments.

Overall, it's best to consult with the manufacturer or installer for a more accurate estimate based on the specific pod and office conditions.",False,False,False
https://chatgpt.com/,How do you know if an acoustic pod is working properly?,France,"To determine if an acoustic pod is working properly, you can follow these steps:

1. **Sound Quality**: Assess the overall sound quality inside the pod. There should be minimal external noise interference, and the acoustics should provide a clear and pleasant sound experience. Test it with different audio sources, such as music, spoken word, or phone calls.

2. **Noise Isolation**: Check how well the pod isolates sound. Stand outside the pod and make noise (e.g., speaking or tapping) to see if it can be heard inside the pod. Conversely, ensure that sounds from inside the pod are not easily heard outside.

3. **Ventilation**: Ensure that the pod has adequate ventilation and that the air circulation system is functioning properly. If the pod feels stuffy or lacks fresh air, this could indicate a problem.

4. **Lighting**: Verify that the lighting inside the pod works correctly. The lights should be functional and provide adequate illumination without flickering or being overly bright.

5. **Comfort and Ergonomics**: Check the seating and workspace within the pod for comfort and functionality. The furniture should be in good condition and appropriately designed for use.

6. **Technology Functionality**: Test any built-in technology, such as microphones, speakers, or connectivity options (Wi-Fi, Bluetooth). Ensure that all devices are operational and that connections are stable.

7. **Door Operation**: Make sure the pod door opens and closes smoothly and securely. Check that it latches properly and that there are no gaps that could affect sound isolation.

8. **Cleanliness and Maintenance**: Inspect the pod for cleanliness. Look for any signs of wear and tear, damage, or malfunction that needs to be addressed.

9. **User Feedback**: If available, gather feedback from users who have utilized the pod. Their experiences can provide valuable insights into its functionality and comfort.

10. **Regular Testing**: Set up a schedule for regular checks and maintenance to ensure the pod remains in good working condition over time.

By conducting these evaluations, you can determine if an acoustic pod is functioning properly and address any issues that may arise.",False,False,False
https://chatgpt.com/,Is an acoustic pod easy to move?,France,"The mobility of an acoustic pod can vary significantly based on its design, size, and construction materials. Here are some factors to consider:

1. **Size and Weight**: Smaller acoustic pods are usually easier to move than larger ones. Heavier pods may require more effort or additional help to relocate.

2. **Wheels or Casters**: Some acoustic pods are designed with wheels or casters, making them easier to move around. If mobility is a priority, look for models with this feature.

3. **Modular Design**: Some pods are designed to be assembled and disassembled easily, which can facilitate moving them to different locations.

4. **Construction**: Materials used in the pod's construction can impact its weight. Pods made from lighter materials may be easier to move.

5. **Location**: Consider the environment where the pod will be moved. Narrow hallways, stairs, or uneven surfaces can complicate the moving process.

Overall, if mobility is a key requirement, it's best to choose an acoustic pod that is specifically designed for easy relocation.",False,False,False
https://chatgpt.com/,Is it warm in an acoustic pod?,France,"The temperature inside an acoustic pod can vary based on several factors, including the design of the pod, the materials used for insulation, and the ambient temperature of the surrounding environment. Acoustic pods are typically designed for soundproofing and privacy rather than climate control, so they may not have heating or cooling systems. 

If the pod is located in a well-heated or air-conditioned environment, it may feel comfortable. However, if it is in a colder or hotter area, it might feel warm or cool depending on the conditions outside. Additionally, if the pod is used for extended periods, body heat and electronic devices inside can also contribute to a warmer environment. For optimal comfort, some users may choose to include fans or portable heating/cooling solutions inside the pod.",False,False,False
https://chatgpt.com/,How much does an acoustic pod cost?,France,"The cost of an acoustic pod can vary widely based on factors such as design, size, materials, and brand. Generally, prices can range from a few thousand dollars to over $10,000. 

Basic models may start around $3,000 to $5,000, while more advanced or larger pods with additional features (like integrated technology, better soundproofing, or custom designs) can cost significantly more. For specific pricing, it's best to check with manufacturers or retailers that specialize in acoustic solutions.",False,False,False
https://chatgpt.com/,Are acoustic pods from workwithisland.com energy efficient and designed with sustainability in mind?,France,"As of my last knowledge update in October 2023, I don't have specific information about the products from workwithisland.com or their acoustic pods. However, when evaluating the energy efficiency and sustainability of acoustic pods or any office furniture, you should consider a few key factors:

1. **Materials**: Check if the pods are made from sustainable or recycled materials. Eco-friendly certifications (like FSC for wood) can indicate sustainable sourcing.

2. **Energy Efficiency**: Look for information on the manufacturing process. Companies that prioritize energy efficiency often use renewable energy sources in production.

3. **Longevity and Durability**: Durable products reduce the need for replacements, which can contribute to sustainability.

4. **Acoustic Performance**: Effective soundproofing can enhance workplace productivity and comfort, which is an indirect benefit of sustainability by reducing the need for additional noise control solutions.

5. **Recyclability**: Consider whether the materials used in the pods can be easily recycled at the end of their life cycle.

To get specific information about the sustainability practices and energy efficiency of acoustic pods from workwithisland.com, I recommend checking their website for product specifications, sustainability reports, or reaching out to them directly for detailed inquiries.",True,True,True
https://chatgpt.com/,What materials are used in workwithisland.com acoustic pods to maximize sound isolation and durability?,France,"While I don't have specific details about the materials used in the acoustic pods from workwithisland.com, acoustic pods generally utilize a combination of materials designed to maximize sound isolation and durability. Here are some common materials that are typically found in acoustic pod construction:

1. **Acoustic Foam:** High-density foam is often used to absorb sound waves, reducing echo and noise transmission.

2. **Mass Loaded Vinyl (MLV):** This heavy material is used to block sound transmission, providing a dense barrier that helps with sound isolation.

3. **Wood or Composite Panels:** These materials can add structural integrity and contribute to the aesthetic appeal while also helping with sound dampening.

4. **Glass or Polycarbonate Panels:** Transparent materials can be used for walls to maintain visibility while still providing some sound isolation.

5. **Sealing Gaskets:** Rubber or foam gaskets around doors and seams help prevent sound leakage, ensuring better isolation.

6. **Carpeting or Rugs:** These materials can be added to the floor to absorb sound and reduce noise from footsteps.

For specific information about the materials used in Work With Island’s acoustic pods, I recommend checking their official website or contacting them directly for detailed specifications.",True,True,True
https://chatgpt.com/,Can a workwithisland.com acoustic pod replace the need to construct new meeting rooms and how does it integrate into our office design?,France,"Yes, a WorkWithIsland acoustic pod can serve as an effective alternative to constructing new meeting rooms. Here are some ways it can integrate into your office design and address your needs:

### Benefits of Using Acoustic Pods

1. **Space Efficiency**: Acoustic pods are typically smaller than traditional meeting rooms, allowing you to utilize existing office space more effectively. They can fit into areas that may not be suitable for larger rooms.

2. **Cost-Effective**: Constructing new meeting rooms can be expensive and time-consuming. Acoustic pods can be a more affordable solution, as they usually require less material and labor.

3. **Flexibility**: Pods can be relocated or reconfigured as needed, providing a flexible option that can adapt to changing team sizes or office layouts.

4. **Sound Isolation**: Acoustic pods are designed to reduce noise, making them ideal for private conversations or focused work. This can enhance productivity in open-plan offices where noise can be a distraction.

5. **Quick Installation**: Unlike building a new room, acoustic pods can typically be installed quickly, minimizing disruption to your work environment.

### Integration into Office Design

1. **Zoning**: Acoustic pods can help define different work zones within an open office layout. They create areas for collaboration or focused work without the need for permanent walls.

2. **Aesthetic Appeal**: Many acoustic pods are designed with modern aesthetics, allowing them to blend seamlessly into contemporary office environments. They can be customized in terms of color and materials to match your brand's design.

3. **Encouraging Collaboration**: By strategically placing acoustic pods in various locations, you can encourage spontaneous meetings and collaboration among team members.

4. **Combining Spaces**: Acoustic pods can complement existing furniture and layouts. They can serve as breakout spaces alongside desks and common areas, fostering a dynamic work environment.

5. **Technology Integration**: Many acoustic pods come equipped with technology solutions, such as video conferencing tools and power outlets, making them suitable for modern meeting requirements.

### Conclusion

In summary, WorkWithIsland acoustic pods can effectively replace the need for constructing new meeting rooms by providing flexible, cost-effective, and aesthetically pleasing alternatives. They can seamlessly integrate into your office design by enhancing space efficiency, promoting collaboration, and improving the overall work environment. Incorporating these pods into your office can lead to increased productivity and a more adaptable workspace.",True,True,True
https://chatgpt.com/,Are workwithisland.com acoustic pods comfortable for extended use and how do features like ventilation and lighting enhance their usability?,France ,"Workwithisland.com offers acoustic pods designed for privacy and concentration in various work environments. While specific comfort levels can vary based on individual preferences, many users report that these pods are generally designed with ergonomics in mind, featuring comfortable seating and adequate space for extended use.

### Comfort for Extended Use:
1. **Ergonomic Design**: Most acoustic pods are built to support prolonged sitting with ergonomic seating options.
2. **Space**: The pods often provide enough room to move around, which can enhance comfort during longer work sessions.
3. **Sound Insulation**: Acoustic panels reduce external noise, allowing for a more focused and relaxed work environment.

### Features Enhancing Usability:

1. **Ventilation**:
   - **Airflow**: Many pods include ventilation systems or windows that allow for airflow, which is essential for comfort during extended use. Proper ventilation helps maintain a pleasant temperature and reduces stuffiness.
   - **Noise Reduction**: Effective ventilation systems are often designed to minimize noise, maintaining the pod's acoustic integrity.

2. **Lighting**:
   - **Adjustable Lighting**: Pods may have adjustable lighting options, allowing users to customize brightness levels. This feature can reduce eye strain and create a more comfortable working atmosphere.
   - **Natural Light**: Some designs incorporate windows or skylights, enabling natural light to enter the pod, which can enhance mood and productivity.

3. **Power Outlets and USB Ports**: Easy access to power sources makes it convenient to charge devices without leaving the pod, enhancing usability during extended periods of work.

4. **Aesthetics and Acoustic Design**: The overall design and materials used in the pod not only contribute to comfort but also to the aesthetic appeal, making the workspace more inviting.

Overall, the combination of ergonomic design, effective ventilation, customizable lighting, and accessibility features makes acoustic pods from Workwithisland.com a suitable option for users looking for comfort and functionality during extended work sessions.",True,True,True
